id,name,age
1,John,25
2,Alice,32
3,Bob,40
4,Charlie,28
5,Diana,35
6,Eva,22
7,Frank,30
8,Grace,26
9,Henry,33
10,Ivy,29
11,John,34
12,Alice,31
13,Bob,45
14,Charlie,24
15,Diana,36
16,Eva,25
17,Frank,37
18,Grace,27
19,Henry,38
20,Ivy,32
21,John,39
22,Alice,41
23,Bob,44
24,Charlie,29
25,Diana,42
26,Eva,23
27,Frank,30
28,Grace,25
29,Henry,33
30,Ivy,28
31,John,45
32,Alice,40
33,Bob,50
34,Charlie,24
35,Diana,35
36,Eva,22
37,Frank,38
38,Grace,26
39,Henry,41
40,Ivy,31
41,John,32
42,Alice,30
43,Bob,33
44,Charlie,28
45,Diana,34
46,Eva,23
47,Frank,37
48,Grace,32
49,Henry,29
50,Ivy,34
51,John,40
52,Alice,38
53,Bob,42
54,Charlie,27
55,Diana,29
56,Eva,24
57,Frank,28
58,Grace,35
59,Henry,40
60,Ivy,37
61,John,41
62,Alice,39
63,Bob,36
64,Charlie,32
65,Diana,33
66,Eva,26
67,Frank,29
68,Grace,34
69,Henry,39
70,Ivy,25
71,John,29
72,Alice,27
73,Bob,33
74,Charlie,24
75,Diana,28
76,Eva,39
77,Frank,31
78,Grace,38
79,Henry,43
80,Ivy,36
81,John,34
82,Alice,32
83,Bob,29
84,Charlie,26
85,Diana,40
86,Eva,33
87,Frank,45
88,Grace,42
89,Henry,44
90,Ivy,27
91,John,43
92,Alice,36
93,Bob,28
94,Charlie,32
95,Diana,31
96,Eva,38
97,Frank,32
98,Grace,29
99,Henry,30
100,Ivy,39
